{
  "/Users/aksooraj/Downloads/personal/company managemnet saudi arabia/back/serverless.yml": {
    "versionFramework": "4.17.2",
    "servicePath": "/Users/aksooraj/Downloads/personal/company managemnet saudi arabia/back/serverless.yml",
    "serviceConfigFileName": "serverless.yml",
    "service": {
      "service": "company-management-api",
      "provider": {
        "name": "aws",
        "runtime": "nodejs18.x",
        "region": "ap-south-1",
        "stage": "dev",
        "timeout": 30,
        "memorySize": 512,
        "environment": {
          "MONGODB_URI": "mongodb+srv://admi8606208609:vz3VUIzJrfuKVddJ@cluster0.vbagcej.mongodb.net/?retryWrites=true&w=majority&appName=Cluster0",
          "JWT_SECRET": "<REDACTED>",
          "JWT_EXPIRES_IN": "7d",
          "AWS_ACCESS_KEY_ID": "<REDACTED>",
          "AWS_SECRET_ACCESS_KEY": "<REDACTED>",
          "AWS_REGION": "ap-south-1",
          "AWS_S3_BUCKET_NAME": "company-documents-saudi-2025",
          "NODE_ENV": "production"
        },
        "versionFunctions": true
      },
      "functions": {
        "api": {
          "handler": "lambda.handler",
          "events": [
            {
              "http": {
                "path": "/{proxy+}",
                "method": "ANY",
                "cors": {
                  "origin": "*",
                  "headers": [
                    "Content-Type",
                    "X-Amz-Date",
                    "Authorization",
                    "X-Api-Key",
                    "X-Amz-Security-Token",
                    "X-Amz-User-Agent"
                  ]
                }
              }
            },
            {
              "http": {
                "path": "/",
                "method": "ANY",
                "cors": {
                  "origin": "*"
                }
              }
            }
          ],
          "name": "company-management-api-dev-api"
        }
      }
    },
    "provider": {
      "name": "aws",
      "runtime": "nodejs18.x",
      "region": "ap-south-1",
      "stage": "dev",
      "timeout": 30,
      "memorySize": 512,
      "environment": {
        "MONGODB_URI": "mongodb+srv://admi8606208609:vz3VUIzJrfuKVddJ@cluster0.vbagcej.mongodb.net/?retryWrites=true&w=majority&appName=Cluster0",
        "JWT_SECRET": "<REDACTED>",
        "JWT_EXPIRES_IN": "7d",
        "AWS_ACCESS_KEY_ID": "<REDACTED>",
        "AWS_SECRET_ACCESS_KEY": "<REDACTED>",
        "AWS_REGION": "ap-south-1",
        "AWS_S3_BUCKET_NAME": "company-documents-saudi-2025",
        "NODE_ENV": "production"
      },
      "versionFunctions": true
    },
    "dashboard": {
      "isEnabledForService": false,
      "requiredAuthentication": false,
      "orgFeaturesInUse": null,
      "orgObservabilityIntegrations": null,
      "serviceAppId": null,
      "serviceProvider": null,
      "instanceParameters": null
    },
    "error": {
      "message": "Access denied when storing the parameter \"/serverless-framework/deployment/s3-bucket\". Please check your permissions and try again. You have the following options:\n• Ensure you have permission to create SSM and S3 resources.\n• Use the \"provider.deploymentBucket\" field to specify an existing S3 bucket.\n• Manually create the S3 bucket and SSM parameter.\n\nFor more details, please refer to the documentation: https://www.serverless.com/framework/docs/guides/deployment-bucket\n\nOriginal error: An error occurred while fetching the SSM parameter \"/serverless-framework/deployment/s3-bucket\": User: arn:aws:iam::190988938466:user/company-s3-user is not authorized to perform: ssm:GetParameter on resource: arn:aws:ssm:ap-south-1:190988938466:parameter/serverless-framework/deployment/s3-bucket because no identity-based policy allows the ssm:GetParameter action",
      "code": "DEPLOYMENT_BUCKET_INSUFFICIENT_PERMISSIONS"
    },
    "serviceRawFile": "# Serverless Framework configuration for Lambda deployment\nservice: company-management-api\n\nprovider:\n  name: aws\n  runtime: nodejs18.x\n  region: ap-south-1  # Same as your S3 bucket region\n  stage: ${opt:stage, 'dev'}\n  timeout: 30\n  memorySize: 512\n  \n  # Environment variables from your .env file\n  environment:\n    MONGODB_URI: ${env:MONGODB_URI}\n    JWT_SECRET: ${env:JWT_SECRET}\n    JWT_EXPIRES_IN: ${env:JWT_EXPIRES_IN}\n    AWS_ACCESS_KEY_ID: ${env:AWS_ACCESS_KEY_ID}\n    AWS_SECRET_ACCESS_KEY: ${env:AWS_SECRET_ACCESS_KEY}\n    AWS_REGION: ${env:AWS_REGION}\n    AWS_S3_BUCKET_NAME: ${env:AWS_S3_BUCKET_NAME}\n    NODE_ENV: production\n\nfunctions:\n  api:\n    handler: lambda.handler\n    events:\n      - http:\n          path: /{proxy+}\n          method: ANY\n          cors:\n            origin: '*'\n            headers:\n              - Content-Type\n              - X-Amz-Date\n              - Authorization\n              - X-Api-Key\n              - X-Amz-Security-Token\n              - X-Amz-User-Agent\n      - http:\n          path: /\n          method: ANY\n          cors:\n            origin: '*'\n\n# plugins:\n#   - serverless-offline  # For local testing (install separately if needed)\n\n# Optional: Custom domain configuration\n# custom:\n#   customDomain:\n#     domainName: api.yourdomain.com\n#     stage: ${self:provider.stage}\n#     createRoute53Record: true",
    "command": [
      "deploy"
    ],
    "options": {},
    "orgId": "2522e18e-b380-4081-917b-9671bc036211",
    "orgName": "soorajtech",
    "userId": "gfl4r0TzS0rYg3Twwn",
    "userName": "soorajtech",
    "serviceProviderAwsAccountId": "190988938466",
    "serviceProviderAwsCfStackId": null,
    "serviceProviderAwsCfStackCreated": null,
    "serviceProviderAwsCfStackUpdated": null,
    "serviceProviderAwsCfStackStatus": null,
    "serviceProviderAwsCfStackOutputs": null
  }
}